label,text,predicted_label,confidence_score
neutral,"According to Gran , the company has no plans to move all production to Russia , although that is where the company is growing .",neutral,0.8857
neutral,"Technopolis plans to develop in stages an area of no less than 100,000 square meters in order to host companies working in computer technologies and telecommunications , the statement said .",neutral,0.5338
negative,"The international electronic industry company Elcoteq has laid off tens of employees from its Tallinn facility ; contrary to earlier layoffs the company contracted the ranks of its office workers , the daily Postimees reported .",negative,0.9721
positive,With the new production plant the company would increase its capacity to meet the expected increase in demand and would improve the use of raw materials and therefore increase the production profitability .,positive,0.9479
positive,"According to the company 's updated strategy for the years 2009-2012 , Basware targets a long-term net sales growth in the range of 20 % -40 % with an operating profit margin of 10 % -20 % of net sales .",positive,0.8597
positive,FINANCING OF ASPOCOMP 'S GROWTH Aspocomp is aggressively pursuing its growth strategy by increasingly focusing on technologically more demanding HDI printed circuit boards PCBs .,positive,0.8736
positive,"For the last quarter of 2010 , Componenta 's net sales doubled to EUR131m from EUR76m for the same period a year earlier , while it moved to a zero pre-tax profit from a pre-tax loss of EUR7m .",positive,0.9482
positive,"In the third quarter of 2010 , net sales increased by 5.2 % to EUR 205.5 mn , and operating profit by 34.9 % to EUR 23.5 mn .",positive,0.957
positive,Operating profit rose to EUR 13.1 mn from EUR 8.7 mn in the corresponding period in 2007 representing 7.7 % of net sales .,positive,0.9524
positive,"Operating profit totalled EUR 21.1 mn , up from EUR 18.6 mn in 2007 , representing 9.7 % of net sales .",positive,0.955
positive,TeliaSonera TLSN said the offer is in line with its strategy to increase its ownership in core business holdings and would strengthen Eesti Telekom 's offering to its customers .,positive,0.9372
positive,"STORA ENSO , NORSKE SKOG , M-REAL , UPM-KYMMENE Credit Suisse First Boston ( CFSB ) raised the fair value for shares in four of the largest Nordic forestry groups .",positive,0.9351
positive,"A purchase agreement for 7,200 tons of gasoline with delivery at the Hamina terminal , Finland , was signed with Neste Oil OYj at the average Platts index for this September plus eight US dollars per month .",positive,0.8764
positive,"Finnish Talentum reports its operating profit increased to EUR 20.5 mn in 2005 from EUR 9.3 mn in 2004 , and net sales totaled EUR 103.3 mn , up from EUR 96.4 mn .",positive,0.9527
positive,"Clothing retail chain Sepp+Æl+Æ 's sales increased by 8 % to EUR 155.2 mn , and operating profit rose to EUR 31.1 mn from EUR 17.1 mn in 2004 .",positive,0.9538
positive,"Consolidated net sales increased 16 % to reach EUR74 .8 m , while operating profit amounted to EUR0 .9 m compared to a loss of EUR0 .7 m in the prior year period .",positive,0.9588
positive,"Foundries division reports its sales increased by 9.7 % to EUR 63.1 mn from EUR 57.5 mn in the corresponding period in 2006 , and sales of the Machine Shop division increased by 16.4 % to EUR 41.2 mn from EUR 35.4 mn in the corresponding period in 2006 .",positive,0.9518
positive,"HELSINKI ( AFX ) - Shares closed higher , led by Nokia after it announced plans to team up with Sanyo to manufacture 3G handsets , and by Nokian Tyres after its fourth-quarter earnings report beat analysts ' expectations , dealers said .",positive,0.9469
positive,"Incap Contract Manufacturing Services Pvt Ltd , a subsidiary of Incap Corporation of Finland , plans to double its revenues by 2007-2008 .",positive,0.9509
positive,"Its board of directors will propose a dividend of EUR0 .12 per share for 2010 , up from the EUR0 .08 per share paid in 2009 .",positive,0.9518
positive,"Lifetree was founded in 2000 , and its revenues have risen on an average by 40 % with margins in late 30s .",positive,0.9467
positive,"( Filippova ) A trilateral agreement on investment in the construction of a technology park in St Petersburg was to have been signed in the course of the forum , Days of the Russian Economy , that opened in Helsinki today .",positive,0.8042
positive,"MegaFon 's subscriber base increased 16.1 % in 2009 to 50.5 million users as of December 31 , while its market share by the number of customers amounted to 24 % as of late 2009 , up from 23 % as of late 2008 , according to TeliaSonera estimates .",positive,0.9561
positive,"Net income from life insurance doubled to EUR 6.8 mn from EUR 3.2 mn , and net income from non-life insurance rose to EUR 5.2 mn from EUR 1.5 mn in the corresponding period in 2009 .",positive,0.9523
positive,Net sales increased to EUR193 .3 m from EUR179 .9 m and pretax profit rose by 34.2 % to EUR43 .1 m. ( EUR1 = USD1 .4 ),positive,0.9559
positive,"Net sales surged by 18.5 % to EUR167 .8 m. Teleste said that EUR20 .4 m , or 12.2 % , of the sales came from the acquisitions made in 2009 .",positive,0.9496
positive,Nordea Group 's operating profit increased in 2010 by 18 percent year-on-year to 3.64 billion euros and total revenue by 3 percent to 9.33 billion euros .,positive,0.9569
positive,"Operating profit for the nine-month period increased from EUR13 .6 m , while net sales increased from EUR394 .7 m , as compared to the corresponding period in 2005 .",positive,0.9564
positive,"Operating profit for the nine-month period increased from EUR3 .1 m and net sales increased from EUR61 .5 m , as compared to the corresponding period in 2007 .",positive,0.9561
positive,"Operating profit for the three-month period increased from EUR1 .2 m , while revenue increased from EUR20 .2 m , as compared to the corresponding period in 2005 .",positive,0.9569
positive,"The Brazilian unit of Finnish security solutions provider F-Secure signed up 1,500 new clients last year , online news source Reseller Web quoted the division 's commercial director , Vladimir Brand+_o , as saying .",positive,0.872
positive,"The company 's net profit rose 11.4 % on the year to 82.2 million euros in 2005 on sales of 686.5 million euros , 13.8 % up on the year , the company said earlier .",positive,0.9586
positive,"The Lithuanian beer market made up 14.41 million liters in January , a rise of 0.8 percent from the year-earlier figure , the Lithuanian Brewers ' Association reporting citing the results from its members .",positive,0.9535
positive,"Viking Line 's cargo revenue increased by 5.4 % to EUR 21.46 mn , and cargo volume increased by 2.4 % to 70,116 cargo units .",positive,0.9568
positive,"The fair value of the property portfolio doubled as a result of the Kapiteeli acquisition and totalled EUR 2,686.2 1,259.7 million .",positive,0.9245
positive,10 February 2011 - Finnish media company Sanoma Oyj HEL : SAA1V said yesterday its 2010 net profit almost tripled to EUR297 .3 m from EUR107 .1 m for 2009 and announced a proposal for a raised payout .,positive,0.9419
positive,"A Helsinki : ELIiV today reported EPS of EUR1 .13 for 2009 , an increase over EPS of EUR1 .12 in 2008 .",positive,0.956
positive,"Aspo Plc STOCK EXCHANGE RELEASE February 11 , 2011 at8 .45 a.m. ESL Shipping Ltd , part of Aspo Group , has signed a new , long-term contract with Rautaruukki Corporation for the marine transport of raw materials on the Baltic Sea .",positive,0.9444
positive,"Commission income increased by 22 % to EUR 4.4 mn , and lending volume rose by 13.5 % .",positive,0.9561
positive,"In January , traffic , measured in revenue passenger kilometres RPK , went up by 3.2 % and capacity , measured in available seat kilometres ASK , rose by 12.2 % .",positive,0.9589
positive,"In January-September 2010 , Fiskars ' net profit went up by 14 % year-on-year to EUR 65.4 million and net sales to EUR 525.3 million from EUR 487.7 million .",positive,0.9516
positive,"Net income from life insurance rose to EUR 16.5 mn from EUR 14.0 mn , and net income from non-life insurance to EUR 22.6 mn from EUR 15.2 mn in 2009 .",positive,0.9531
positive,"Nyrstar has also agreed to supply to Talvivaara up to 150,000 tonnes of sulphuric acid per annum for use in Talvivaara 's leaching process during the period of supply of the zinc in concentrate .",positive,0.7779
positive,"Sales for both the Department Store Division and Hobby Hall increased by 7 % , while sales for the clothing store subsidiary Seppala decreased by 4 % .",positive,0.9003
positive,Sales have risen in other export markets .,positive,0.9557
positive,Sales increased due to growing market rates and increased operations .,positive,0.9581
positive,The agreement strengthens our long-term partnership with Nokia Siemens Networks .,positive,0.9503
positive,"The agreement was signed with Biohit Healthcare Ltd , the UK-based subsidiary of Biohit Oyj , a Finnish public company which develops , manufactures and markets liquid handling products and diagnostic test systems .",positive,0.886
positive,The company also estimates the already carried out investments to lead to an increase in its net sales for 2010 from 2009 when they reached EUR 141.7 million .,positive,0.9523
positive,"The company 's order book stood at 1.5 bln euro $ 2.2 bln on September 30 , 2007 , up by 24.2 pct on the year , with international orders amounting to 365 mln euro $ 534.3 mln .",positive,0.9551
positive,"The company said that paper demand increased in all of its main markets , including of publication papers , and that it increased average paper prices by 4 percent compared with last year .",positive,0.9562
positive,"The world 's second largest stainless steel maker said net profit in the three-month period until Dec. 31 surged to euro603 million US$ 781 million , or euro3 .33 US$ 4.31 per share , from euro172 million , or euro0 .94 per share , the previous year .",positive,0.9479
positive,"Within the framework of the partnership , Nokia Siemens Networks has signed an initial framework purchase agreement with Sitronics subsidiary , JSC Mikron , which is the largest manufacturer and exporter of microelectronic components in Russia .",positive,0.9269
positive,"Seppala 's revenue increased by 0.2 % to EUR10 .1 m. In Finland , revenue went down by 2.4 % to EUR6 .8 m , while sales abroad rose by 6.2 % to EUR3 .3 m. Sales increased in all the Baltic countries as well as in Russia and Ukraine .",negative,0.6781
positive,"Shares of Standard Chartered ( STAN ) rose 1.2 % in the FTSE 100 , while Royal Bank of Scotland ( RBS ) shares rose 2 % and Barclays shares ( BARC ) ( BCS ) were up 1.7 % .",positive,0.9487
positive,Shares of Nokia Corp. rose Thursday after the cell phone maker said its third-quarter earnings almost doubled and its share of the global handset market increased .,positive,0.9504
positive,"In its financial report , published on Friday , SEB said its net profit soared to SEK6 .745 bn in 2010 from a year-earlier SEK1 .114 bn and proposed a 50 % dividend increase to SEK1 .50 per share .",positive,0.9499
positive,Sales for the Department Store Division increased by 15 % and sales for the clothing store subsidiary Seppala increased by 8 % Meanwhile sales for Hobby Hall decreased by 12 % .,positive,0.9549
neutral,"At the request of Finnish media company Alma Media 's newspapers , research manager Jari Kaivo-oja at the Finland Futures Research Centre at the Turku School of Economics has drawn up a future scenario for Finland 's national economy by using a model developed by the University of Denver .",neutral,0.837
neutral,"In Sweden , Gallerix accumulated SEK denominated sales were down 1 % and EUR denominated sales were up 11 % .",negative,0.9728
neutral,The company supports its global customers in developing new technologies and offers a fast route from product development to applications and volume production .,positive,0.6032
neutral,"When this investment is in place , Atria plans to expand into the Moscow market .",neutral,0.5969
neutral,"`` The new agreement is a continuation to theagreement signed earlier this year with the Lemminkainen Group , whereby Cramo acquired the entire construction machine fleet ofLemminkainen Talo Oy Ita - ja Pohjois Suomo , and signed asimilar agreement , '' said Tatu Hauhio , managing director ofCramo Finland .",positive,0.848
positive,"At first the contract envisaged the construction of three ferryboats with an option for two more units , further confirmed at a total value of 500 mln euro ( $ 645.8 mln ) .",positive,0.7141
neutral,"In June it sold a 30 percent stake to Nordstjernan , and the investment group has now taken up the option to acquire EQT 's remaining shares .",neutral,0.9088
positive,"KESKO CORPORATION STOCK EXCHANGE RELEASE 28.02.2008 AT 09.30 1 ( 1 ) Kesko Corporation and Aspo plc today signed an agreement by which Aspo acquires the share capital of Kauko-Telko Ltd , a subsidiary wholly owned by Kesko .",positive,0.8909
positive,Sponda Plc Stock Exchange Release 5 December 2006 at 15.45 EUR 1.5 BILLION SYNDICATED CREDIT FACILITY FOR SPONDA Sponda has signed an agreement for a one-year syndicated credit facility for a total of EUR 1.5 billion .,positive,0.9396
neutral,STOCK EXCHANGE ANNOUNCEMENT 20 July 2006 1 ( 1 ) BASWARE SHARE SUBSCRIPTIONS WITH WARRANTS AND INCREASE IN SHARE CAPITAL A total of 119 850 shares have been subscribed with BasWare Warrant Program .,positive,0.6866
positive,"The contract covers HDO platform , AC800 and CXE880 optical Fttb nodes designed to increase the forward and return path capacity of the transmission networks .",positive,0.903
neutral,The new plant is planned to have an electricity generation capacity of up to 350 megawatts ( MW ) and the same heat generation capacity .,neutral,0.82
positive,"The OMX Helsinki 25 index was up 0.92 pct at 2,518.67 and the Helsinki CAP portfolio index was 0.91 pct higher at 4,711.19 .",positive,0.9048
neutral,"- So , the sales growth of cars considerably influence on the tires market '' .",neutral,0.8051
neutral,"A maximum of 666,104 new shares can further be subscribed for by exercising B options under the 2004 stock option plan .",neutral,0.9215
neutral,"As a result of the share issue , the number of the company 's shares increases by 391,630 shares and the share capital by a total of EUR 15,665.20 .",positive,0.7794
neutral,"Finnish real estate investor Sponda Plc said on Wednesday 12 March that it has signed agreements with Danske Bank A-S , Helsinki Branch for a 7-year EUR150m credit facility and with Ilmarinen Mutual Pension Insurance Company for a 7-year EUR50m credit facility .",positive,0.937
neutral,"On the route between Helsinki in Finland and Tallinn in Estonia , cargo volumes increased by 36 % , while cargo volumes between Finland and Sweden fell by 9 % .",positive,0.9256
neutral,"Other measures included increasing synergies and economies of scale within the Grimaldi Group and personnel adjustments , divestments and redelivery of excess tonnage .",positive,0.8758
positive,"Rinkuskiai raised the sales by 18.1 percent , to 1.37 million liters , while the sales of Kauno Alus grew by 14.3 percent , to 960,000 liters .",positive,0.9415
neutral,TELECOMWORLDWIRE-7 April 2006-TJ Group Plc sells stake in Morning Digital Design Oy Finnish IT company TJ Group Plc said on Friday 7 April that it had signed an agreement on selling its shares of Morning Digital Design Oy to Edita Oyj .,positive,0.7351
positive,TELECOMWORLDWIRE-7 April 2006-TJ Group Plc sells stake in Morning Digital Design Oy Finnish IT company TJ Group Plc said on Friday 7 April that it had signed an agreement on selling its shares of Morning Digital Design Oy to Edita Oyj .,positive,0.7351
neutral,"The 718,430 new Series A shares will become subject to trading on the Helsinki Stock Exchange 's Main List , together with the old Series A shares , on July 3 , 2006 .",neutral,0.9569
neutral,The fuel purchase contracts have been signed with three months ' delivery from this September to November .,positive,0.7253
neutral,Tiimari operates 194 stores in six countries -- including its core Finnish market -- and generated a turnover of 76.5 mln eur in 2005 .,neutral,0.9282
positive,Under this agreement Biohit becomes a focus supplier of pipettors and disposable pipettor tips to VWR customers throughout Europe .,positive,0.8546
positive,"The combination of all services enabling us to offer a complex and strengthened service chain not only limited to the Baltic port connections but also for getting access to the world wide Grimaldi Network into the Mediterranean , Africa and North America `` says Uwe Bakosch .",positive,0.9398
neutral,No blind-spots coming from 1 vantage point allows investigators to see the whole story in high resolution with no unbroken video .,neutral,0.9423
positive,"The company still expects its turnover in 2010 to slightly increase from the level of 2009 , adding that `` market predictability is still too poor for trustworthy forecasts on the market development of the contract manufacturing business during the current year '' .",positive,0.9504
positive,The acquisition will considerably increase Kemira 's sales and market position in the Russian metal industry coatings market .,positive,0.9519
positive,"In January-September 2007 , Finnlines ' net sales rose to EUR 505.4 mn from EUR 473.5 mn in the corresponding period in 2006 .",positive,0.9499
positive,"Adjusted for changes in the Group structure , the Division 's net sales increased by 1.7 % .",positive,0.9578
positive,"`` The change will optimize the operational efficiencies of our growing business , '' said Julia Prohaska , director of marketing communications for Fiskars .",positive,0.8798
positive,"`` They would invest not only in the physical infrastructure , but would also provide know-how for managing and developing science and technology parks , '' said Sunrise Valley director Andrius Bagdonas .",positive,0.7423
positive,"4 February 2011 - Finnish broadband data communication systems provider Teleste Oyj HEL : TLT1V saw its net profit jump to EUR2 .1 m for the last quarter of 2010 from EUR995 ,000 for the same period of 2009 .",positive,0.9452
positive,Finnish Aktia Group 's operating profit rose to EUR 17.5 mn in the first quarter of 2010 from EUR 8.2 mn in the first quarter of 2009 .,positive,0.9514
positive,Finnish Bank of +_land 's consolidated net operating profit increased from EUR 4.8 mn in the first quarter of 2005 to EUR 6.4 mn in the first quarter of 2006 .,positive,0.9556
positive,"Finnish financial group Aktia reports operating profit of EUR 44.4 mn in January-September 2009 , up from EUR 37.3 mn in the corresponding period in 2008 .",positive,0.9527
positive,"Finnish high technology provider Vaahto Group reports net sales of EUR 41.8 mn in the accounting period September 2007 - February 2008 , an increase of 11.2 % from a year earlier .",positive,0.9545
positive,Net sales of Finnish food industry company L+Ænnen Tehtaat 's continuing operations increased by 13 % in 2008 to EUR 349.1 mn from EUR 309.6 mn in 2007 .,positive,0.9549
positive,An individual promotion also generated slightly higher-than-expected revenues .,positive,0.9597
positive,Biohit already services many current Genesis customers and the customer base is expected to expand as a result of this agreement .,positive,0.9324
positive,"Both operating profit and turnover for the three-month period increased , respectively from EUR0 .9 m and EUR8 .3 m , as compared to the corresponding period in 2005 .",positive,0.9582
positive,Circulation revenue has increased by 5 % in Finland and 4 % in Sweden in 2008 .,positive,0.954
positive,Clothing chain Sepp+Æl+Æ 's net sales increased by 7.0 % to EUR 30.8 mn .,positive,0.9581
positive,Construction volumes meanwhile grow at a rate of 10-15 percent annually .,positive,0.8556
positive,Finnish and Swedish construction markets are still experiencing an estimated 4 % annual growth in 2008 .,positive,0.9454
positive,"However , Biohit estimates its total net sales will continue to grow in 2009 , and that favourable trends in net sales will lead to a profit in 2009 .",positive,0.9533
positive,"In 2009 , Fiskars ' cash flow from operating activities amounted to EUR121m , up from EUR97m in the previous year .",positive,0.9536
positive,"In Lithuania , operating profit rose to EUR 190,000 from EUR 70,000 in the corresponding period in 2005 .",positive,0.9527
positive,"In the fourth quarter of 2008 , net sales increased by 2 % to EUR 1,050.7 mn from EUR 1,027.0 mn in the fourth quarter of 2007 .",positive,0.9518
positive,"International sales rose by 59.8 % to EUR 1,244.4 mn .",positive,0.9583
neutral,Kalmar Espana generated net sales of some 11.3 mln euro $ 14.8 mln in 2005 .,neutral,0.909
positive,Net sales grew in the period to  x20ac 402 million $ 585US million from  x20ac 401 million in 2006 .,positive,0.95
positive,Net sales increased to EUR655m in April to June 2010 from EUR438m a year earlier .,positive,0.9487
positive,"Net sales rose by 25.5 % year-on-year to EUR59 .6 m , as the number of chargers delivered went up by 41 % to 65.9 million pieces .",positive,0.9564
positive,"Net sales totaled EUR 93.6 mn , up from EUR 93.2 mn in the corresponding period in 2005 .",positive,0.9533
positive,"Nokia also noted the average selling price of handsets declined during the period , though its mobile phone profit margin rose to more than 22 percent from 13 percent in the year-ago quarter .",positive,0.8905
positive,Operating profit increased by 145.1 % to EUR 8.3 mn from EUR 3.4 mn .,positive,0.9524
positive,Operating profit margin increased from 11.2 % to 11.7 % .,positive,0.9582
positive,Operating profit rose to EUR 3.11 mn from EUR 1.22 mn in the corresponding period in 2009 .,positive,0.9515
positive,Operating profit rose to EUR 5mn from EUR 2.8 mn in the fourth quarter of 2008 .,positive,0.9522
positive,"Operating profit was EUR 24.5 mn , up from EUR 23.0 mn .",positive,0.9563
positive,"Ramirent 's net sales in the second quarterended June 30 were EURO 128.7 million about U.S. $ 163 million , a 3.3-percent increase compared with EURO 124.6 million for thesecond quarter last year .",positive,0.9552
positive,"Revenue grew by 2 percent to  x20ac 580 million $ 743 million , from  x20ac 569 million .",positive,0.9533
positive,Ruukki announced that it has signed an agreement with Aker Solutions of Norway to supply 24 suction anchors in September 2010 from its Kalajoki unit in Finland .,positive,0.9358
positive,"Ruukki 's delivery volumes and selling prices showed favourable development and the company 's comparable net sales grew by 50 % year-on-year to EUR647m , CEO Sakari Tamminen said .",positive,0.9589
positive,Sanoma Magazines ' net sales are estimated to grow in 2006 .,positive,0.9378
positive,The bank forecasts Finland 's GDP will grow by 2 % in 2010 and in 2011 .,positive,0.948
positive,"The circuit 's overall production rate on a weekly basis is now in excess of an average of 40,000 tonnes per day , with volumes in excess of 50,000 tonnes per day being reached on individual days .",neutral,0.7927
positive,"The company 's consolidated operating profit amounted to EUR 15.86 mn , up from EUR 4.14 mn year-on-year .",positive,0.9547
positive,The Department Store Division reported an increase in sales of 4 per cent .,positive,0.9499
positive,The fair value of the company 's investment properties grew to EUR 2.803 billion at the end of March 2009 from EUR 2.691 million a year ago .,positive,0.9457
positive,"The last quarter was the best quarter of 2009 in net sales , and the operating margin rose to 12.2 % .",positive,0.959
positive,"The major breweries increased their domestic beer sales by 4.5 per cent last year , to 256.88 million litres from 245.92 million litres in 2004 .",positive,0.9498
positive,"The transaction doubles Tecnomens workforse , and adds a fourth to their net sales .",positive,0.9436
positive,- Operating profit rose by 26.9 % to EUR 105.8 ( 83.4 ) million .,positive,0.9595
positive,"`` After this purchase , Cramo will become the second largest rental services provider in the Latvian market .",positive,0.6898
positive,"`` The priority for 2009 was to strengthen the company 's balance sheet and increase cash flow , '' CEO Hannu Krook said .",positive,0.9479
positive,`` The purchase of the operations is part of YIT 's strategy to expand its offering of building system services geographically . '',positive,0.8287
positive,21 October 2010 - Finnish fishing tackle company Rapala VMC Corp ( HEL : RAP1V ) said today its net profit rose to EUR18 .9 m for the first nine months of 2010 from EUR15 .1 m for the same period a year earlier .,positive,0.9465
neutral,"A structures BIM ( building information modeling ) software from Tekla , a model-based software provider , has been adopted for the construction management and delivery of a university project in Abu Dhabi .",neutral,0.5804
positive,"According to Finnish Metso Minerals , the value of the company 's orders has gone up to EUR 1.9 bn in 12 months .",positive,0.9478
positive,Finnish Aldata Solution has signed a contract of supply its G.O.L.D. system to two French retail chains .,positive,0.9437
positive,Finnish Bank of +_land reports its operating profit rose to EUR 21.3 mn in the second quarter of 2009 from EUR 6.1 mn in the corresponding period in 2008 .,positive,0.9498
positive,Finnish financial group Aktia 's operating profit for 2009 increased to EUR 47.0 mn from EUR 6.6 mn in 2008 .,positive,0.954
positive,Finnish forest machinery manufacturer Ponsse 's net sales grew to EUR 51.3 mn in the first quarter of 2010 from EUR 37.5 mn in the corresponding period in 2009 .,positive,0.9478
positive,Finnish KCI Konecranes has raised its net sales growth estimate for 2006 from over 25 % to over 35 % .,positive,0.9541
positive,Finnish Okmetic that manufactures and processes silicon wafers for the semiconductor and sensor industries and Norwegian solar wafer company NorSun have signed a contract under which Okmetic will supply NorSun mono silicon crystals for use in solar cell manufacturing .,positive,0.9348
positive,Finnish pharmaceuticals company Orion 's net sales rose to EUR 190mn in the first quarter of 2009 from EUR 180mn in the first quarter of 2008 .,positive,0.951
positive,"Finnish Ponsse has signed an agreement with Babcock Africa for the distribution and support of Ponsse forest machines , harvester heads , and information systems in South Africa .",positive,0.9221
positive,South African Sappi will become the largest foreign forest industry company operating in Finland as a result of the acquisition Finnish M-real Corporation 's Graphic Papers Business unit .,positive,0.7792
positive,According to Deputy MD Pekka Silvennoinen the aim is double turnover over the next three years .,positive,0.6922
positive,"According to HKScan Finland , the plan is to increase J+Ærvi-Suomen Portti 's net sales to EUR 80mn to EUR 100mn .",positive,0.9493
positive,"Advertising and circulation revenues grew by 3.4 % and by 0.4 % , respectively .",positive,0.9575
positive,"After the takeover , Cramo will become the second largest rental services provider in the Latvian market .",positive,0.6823
positive,"Again , the most significant sales increase of 18.6 % was in Russia .",positive,0.9068
positive,Alma Media expects its net sales to increase as forecast previously .,positive,0.9565
positive,Also Lemmink+Æinen 's profit for accounting period went up to EUR 3.1 mn from EUR -24.5 mn a year ago .,positive,0.9522
positive,"At the end of March 2007 , the group 's order book was at EUR 39.6 mn , up 42 % from the corresponding period in 2006 .",positive,0.957
positive,"At the same time profit of the company increased by 10 % in H1 and reached Ls 79,000 .",positive,0.9566
neutral,Aviation Systems Maintenance is based in Kansas and generated net sales of USD 2.6 million for 2008 .,neutral,0.9248
positive,"Besides we have increased the share of meat in various sausages and are offering a number of new tastes in the grill products and shish kebabs segment , '' Paavel said .",positive,0.9298
positive,"Both operating profit and net sales for the 12-month period increased , respectively from EUR10 .5 m and EUR28 .8 m , as compared to the financial year 2004 .",positive,0.9577
positive,"Both operating profit and net sales for the 12-month period increased , respectively from EUR20 .8 m and EUR177 .7 m , as compared to the financial year 2004 .",positive,0.9577
positive,"Both operating profit and net sales for the 12-month period increased , respectively from EUR21 .5 m and EUR196 .1 m , as compared to 2005 .",positive,0.9576
positive,"Both operating profit and net sales for the 12-month period increased , respectively from EUR4 .7 m and EUR26 .7 m , as compared to 2004 .",positive,0.9573
positive,"Both operating profit and net sales for the nine-month period increased , respectively by 26.6 % and 3.4 % , as compared to the corresponding period in 2006 .",positive,0.9597
positive,"Both operating profit and net sales for the six-month period increased , respectively , from EUR13 .8 m and EUR143 .6 m , as compared to the corresponding period in 2007 .",positive,0.9584
positive,"Both operating profit and net sales for the six-month period increased , respectively from EUR0 .4 m and EUR3 .2 m , as compared to the corresponding period in 2005 .",positive,0.9585
positive,"Both operating profit and net sales for the six-month period increased , respectively from EUR18 .1 m and EUR127 .6 m , as compared to the corresponding period in 2006 .",positive,0.9581
positive,"Both operating profit and net sales for the six-month period increased , respectively from EUR7 .5 m and EUR655 .5 m , as compared to the corresponding period in 2005 .",positive,0.9582
positive,"Both operating profit and net sales for the three-month period increased , respectively from EUR15 .1 m and EUR131 .5 m , as compared to the corresponding period in 2005 .",positive,0.9586
positive,"Both operating profit and net sales for the three-month period increased , respectively from EUR16 .0 m and EUR139m , as compared to the corresponding quarter in 2006 .",positive,0.9583
positive,"Both operating profit and sales for the three-month period increased , respectively from EUR0 .3 m and EUR13 .1 m , as compared to the corresponding period in 2005 .",positive,0.9586
positive,"Both operating profit and turnover for the nine-month period increased , respectively from EUR2 .4 m and EUR43 .8 m , as compared to the corresponding period a year ago .",positive,0.9573
positive,"Both operating profit and turnover for the six-month period increased , respectively , from EUR17 .6 m and EUR1149 .9 m , as compared to the corresponding period in 2007 .",positive,0.9579
positive,"Both operating profit and turnover for the six-month period increased , respectively from EUR0 .1 m and EUR29 .0 m , as compared to the corresponding period a year ago .",positive,0.9573
positive,Cargo volume grew by 7 % .,positive,0.9592
positive,Cargo volume increased by approximately 5 % .,positive,0.9573
positive,"comparable operating profit totaled EUR 854mn , up from EUR 730mn in 2004 .",positive,0.9541
positive,"Digia said its consolidated net sales for January-June 2010 were EUR67 .8 m , up 9.7 % on the same period in 2009 ( EUR61 .9 m ) .",positive,0.958
positive,Diluted earnings per share ( EPS ) rose to EUR 0.29 from EUR 0.05 .,positive,0.9542
positive,Diluted earnings per share ( EPS ) rose to EUR 0.52 versus EUR 0.09 .,positive,0.9586
positive,Diluted earnings per share ( EPS ) rose to EUR 1.05 from EUR 0.64 .,positive,0.9544
positive,Diluted earnings per share ( EPS ) rose to EUR 3.68 from EUR 0.50 .,positive,0.9543
positive,Diluted EPS rose to EUR3 .68 from EUR0 .50 .,positive,0.9523
positive,EBIT margin was up from 1.4 % to 5.1 % .,positive,0.9562
neutral,"Editor 's note : Grimaldi generated a 1.7 bln euro ( $ 2.182 bln ) turnover in 2005 , ANSA reported on May 29 , 2006 .",neutral,0.8896
positive,"EPS for the quarter was EUR0 .00 , as compared with EUR0 .01 in the third quarter of 2008 , representing a Group net sales for the third quarter were EUR15 .3 m , up by 2.8 % as compared with EUR14 .9 m in the third quarter of 2008 .",positive,0.9578
positive,"EPS from continuing operations came in at 0.30 eur , up from 0.17 .",positive,0.954
positive,"Equity ratio was 60.9 % compared to 54.2 % In the third quarter of 2007 , net sales of the Frozen Foods Business totaled EUR 11.0 , up by about 5 % from the third quarter of 2006 .",positive,0.9578
positive,"EUR928 ,000 in Q1 2010 6 May 2010 - Finnish textile and clothing design company Marimekko Oyj ( HEL : MMO1V ) said today its net profit rose to EUR928 ,000 in the first quarter of 2010 from EUR13 ,000 in the corresponding period a year earlier .",positive,0.9479
positive,"Finland-based Elcoteq SE , a privately held provider of electronics manufacturing services to communications companies , said Thursday it signed a long-term manufacturing supply deal with communications equipment company Andrew Corp. .",positive,0.9422
positive,Finnish cutlery and hand tools maker Fiskars Oyj Abp ( HEL : FISAS ) said today its net profit rose to EUR 24.1 million ( USD 33.6 m ) in the third quarter of 2010 from EUR 17.9 million a year earlier .,positive,0.9497
positive,Finnish department store chain Stockmann Oyj Abp net profit rose to 39.8 mln euro ( $ 56.8 mln ) for the first nine months of 2007 from 37.4 mln euro ( $ 53.4 mln ) for the same period of 2006 .,positive,0.9526
positive,"Finnish lifting equipment maker Konecranes Oyj said on July 30 , 2008 that its net profit rose to 71.2 mln euro ( $ 111.1 mln ) for the first half of 2008 from 57.1 mln euro ( $ 89.1 mln ) for the same period of 2007 .",positive,0.9514
positive,Finnish messaging solutions developer Tecnomen Corporation ( OMX Helsinki : TEM1V ) said on Thursday ( 11 December ) that it has received an expansion order for its Convergent Charging solution in Latin America .,positive,0.9491
positive,Finnish metal industry solutions supplier Outotec Oyj net profit rose to 50.4 mln euro ( $ 72.5 mln ) for the first nine months of 2007 from 20.1 mln euro ( $ 28.9 mln ) for the same period of 2006 .,positive,0.9535
positive,Finnish metal products company Componenta Oyj net profit rose to 26.1 mln euro ( $ 35.9 mln ) for the first quarter of 2007 from 5.3 mln euro ( $ 7.3 mln ) for the same period of 2006 .,positive,0.9519
positive,Finnish office supplies and computer accessories dealer Beltton-Group Plc said its net profit rose to 1.3 mln euro ( $ 1.7 mln ) in 2006 from 1.13 mln euro ( $ 1.5 mln ) in 2005 .,positive,0.9485
positive,"Finnish security and privacy software solutions developer Stonesoft Oyj said on January 7 , 2008 that the preliminary sales of its StoneGate products grew by 59 pct year-on-year to 3.6 mln euro ( $ 5.3 mln ) for the fourth quarter of 2007 .",positive,0.9524
positive,"Finnish silicon wafer technology company Okmetic Oyj ( OMX Helsinki : OKM1V ) reported on Thursday ( 7 August ) an operating profit of EUR5 .3 m for the period January-June 2008 , up from EUR3 .3 m in the corresponding period in 2007 .",positive,0.9542
positive,Finnish software developer Done Solutions Oyj said its net profit increased to 3.5 mln euro ( $ 4.6 mln ) in 2006 from 2.3 mln euro ( $ 3.0 mln ) in 2005 .,positive,0.9521
positive,First quarter underlying operating profit rose to 41 mln eur from 33 mln a year earlier .,positive,0.9524
positive,"Following the acquisition , Relacom will strengthen its presence in Finland , serving operators and office market with mobile and fixed networks construction , installation and maintenance services .",positive,0.9289
positive,"For the first nine months of 2010 , the company 's net profit rose to EUR41m from EUR30m for the corresponding period of 2009 .",positive,0.9488
positive,"HELSINKI ( AFX ) - Retail and wholesale group Kesko reported net sales of 659.4 mln eur for February , an increase of 10.8 pct year-on-year .",positive,0.9557
positive,"However , net sales in 2010 are seen to have grown to EUR598 .3 m from EUR582 .3 m in 2009 .",positive,0.9473
positive,"However , sales returned to growth in April-June 2010 , CEO Pekka Eloholma said .",positive,0.9576
positive,"Ragutis , which is controlled by the Finnish brewery , reported a 5.4-per-cent rise in beer sales to 10.44 million litres and held an 11.09-per-cent market share .",positive,0.9484
positive,"Svyturys-Utenos Alus , which is controlled by the Nordic group Baltic Beverages Holding ( BBH ) , posted a 4.7-per-cent growth in beer sales for January-May to 46.22 million litres .",positive,0.9524
neutral,"In 2007 , Contempus generated revenue of NOK 69.3 ( approx .",neutral,0.9151
positive,"In addition , Kone signed a two-year maintenance contract for the escalators .",positive,0.9401
positive,"In December alone , the members of the Lithuanian Brewers ' Association sold a total of 20.3 million liters of beer , an increase of 1.9 percent from the sales of 19.92 million liters in December 2004 .",positive,0.9524
positive,"In January-September 2009 , the Group 's net interest income increased to EUR 112.4 mn from EUR 74.3 mn in January-September 2008 .",positive,0.9478
positive,"In Q1 of 2010 , Bank of +_land 's net interest income increased from EUR 9.1 mn to EUR 9.7 mn .",positive,0.9509
positive,"In Sweden , operating profit for the period under review totaled EUR 3.4 mn , up 30.8 % from the corresponding period in 2005 .",positive,0.9583
positive,"In the fourth quarter of 2009 , Orion 's net profit went up by 33.8 % year-on-year to EUR33m .",positive,0.9569
positive,"In the second quarter of 2010 , the group 's net profit rose to EUR 3.1 million from EUR 2.5 million in April-June 2009 .",positive,0.9494
positive,"In the second quarter of 2010 , the group 's net profit rose to EUR3 .1 m from EUR2 .5 m in April-June 2009 .",positive,0.9486
positive,"In the third quarter , net sales increased by 12 % year-on-year to EUR 159.5 million , or by 6 % at comparable currency rates growth .",positive,0.9567
positive,"In the third quarter , net sales increased by 12 % year-on-year to EUR159 .5 m , or by 6 % at comparable currency rates growth .",positive,0.9568
neutral,Incap estimates it will generate a revenue of 10 mln euro ( $ 13.2 mln ) from its Indian operations for 2007 .,positive,0.7711
positive,Its market share widened to 48.51 percent from 48.31 percent a year earlier .,positive,0.9493
neutral,Its total annual revenue comes up to about 160 mln zloty ( $ 56.9 mln-42 .3 mln euro ) .,positive,0.8009
positive,"Kesko Agro Eesti , the retailer and wholesaler of grain , agricultural and warehousing machinery and accessories , had net sales of 81 million euros in 2007 , an increase by one-tenth over the preceding year .",positive,0.9562
positive,"Kesko 's car import and retailing business , VV-Auto , saw sales grow by 17.1 pct .",positive,0.9539
positive,Kone 's net sales rose by some 14 % year-on-year in the first nine months of 2008 .,positive,0.9578
positive,"( ADP News ) - Feb 11 , 2009 - Finnish management software solutions provider Ixonos Oyj ( HEL : XNS1V ) said today its net profit rose to EUR 3.5 million ( USD 4.5 m ) for 2008 from EUR 3.1 million for 2007 .",positive,0.9502
positive,"( ADP News ) - Feb 12 , 2009 - Finnish IT solutions provider Affecto Oyj ( HEL : AFE1V ) said today its net profit rose to EUR 8.5 million ( USD 11m ) in 2008 from EUR 7 million in 2007 .",positive,0.9484
positive,"( ADP News ) - Feb 6 , 2009 - Finnish fishing tackle company Rapala VMC Corp ( HEL : RAP1V ) said today its net profit rose to EUR 19.2 million ( USD 24.6 m ) for 2008 from EUR 17.5 million for 2007 .",positive,0.9494
positive,"( ADP News ) - Nov 5 , 2008 - Finnish electronic measurement products and solutions maker Vaisala Oyj ( OMX : VAIAS ) said today that its net profit rose to EUR 18 million ( USD 23.1 m ) for the first nine months of 2008 from EUR 1",positive,0.9507
positive,"( ADP News ) - Oct 29 , 2008 - Finnish lifting equipment maker Konecranes Oyj ( OMX : KCR1V ) said today that its net profit rose to EUR 116.6 million ( USD 149.1 m ) in the first nine months of 2008 from EUR 73.6 million for the s",positive,0.9498
positive,"Metso expects its net sales to increase by about 10 % in 2008 , at comparable exchange rates .",positive,0.9511
neutral,"M-real generated a turnover of EUR5 .6 bn in 2006 and has 15,500 employees .",neutral,0.9395
positive,"Neste Oil Corp. has signed long-term procurement contracts with Honkajoki Oy and Findest Protein Oy , both owned by Finnish food manufacturers , for the supply of animal fat for biodiesel production at Neste 's 200,000 b-cd Porvoo , Finland , refinery .",positive,0.9404
positive,Net interest income increased by 4.5 % to EUR 31.4 mn from EUR 30.0 mn in 2004 .,positive,0.952
positive,"Net interest income was EUR 152.2 mn , up from EUR 101.0 mn in 2008 .",positive,0.9561
positive,"Net interest income was EUR 39.3 mn , up from EUR 32.7 mn .",positive,0.9557
positive,Net sales of the Vegetable Oil Business rose to EUR 10.6 mn from EUR 10.1 mn .,positive,0.9527
positive,"Nokia Multimedia 's net sales totaled EUR 5.7 bn , up 45 % from the corresponding period in 2005 .",positive,0.9581
positive,Operating income rose to EUR 696.4 mn from EUR 600.3 mn in 2009 .,positive,0.952
positive,"Operating profit of Kauppalehti group rose to EUR 1.5 mn from EUR 1.3 mn , and that of Marketplaces to EUR 1.3 mn from EUR 1.0 mn in the third quarter of 2006 .",positive,0.9506
positive,Operating profit rose from EUR 1.94 mn to EUR 2.45 mn .,positive,0.9572
positive,Operating profit rose to 22.1 mln eur from 19.9 mln .,positive,0.953
positive,Operating profit rose to EUR 1.6 mn from EUR 1.1 mn in the corresponding period in 2006 .,positive,0.9513
positive,Operating profit rose to EUR 103.4 mn from EUR 23.2 in the corresponding period in 2006 .,positive,0.9514
positive,Operating profit rose to EUR 13.5 mn from EUR 9.7 mn in the corresponding period in 2006 .,positive,0.9511
positive,Operating profit rose to EUR 26.7 mn from EUR 14.9 mn in the corresponding period in 2006 .,positive,0.9509
positive,Operating profit rose to EUR 27.8 mn from EUR 17.5 mn in 2008 .,positive,0.9523
positive,Operating profit rose to EUR 3.2 mn from EUR 1.0 mn in the corresponding period in 2008 .,positive,0.9517
positive,Operating profit rose to EUR 4.7 mn from EUR 3.6 mn .,positive,0.9535
positive,Operating profit rose to EUR 4.7 mn from EUR 4.6 mn .,positive,0.9536
positive,Operating profit rose to EUR 9.2 mn from EUR 6.8 mn in the corresponding period in 2007 .,positive,0.9513
positive,Operating profit rose to EUR2 .4 m from EUR1 .6 m year earlier .,positive,0.9523
positive,"Operating profit surged to EUR21m from EUR106 ,000 .",positive,0.953
positive,"Operating profit totaled EUR 37,7 mn , up slightly from EUR 37.2 mn in the corresponding period in 2006 .",positive,0.9541
positive,"Operating profit totaled EUR 5.5 mn , up from EUR -0.7 mn .",positive,0.956
positive,"Operating profit was EUR 11.4 mn , up from EUR 7.5 mn .",positive,0.9563
positive,"Operating profit was EUR 139.7 mn , up 23 % from EUR 113.8 mn .",positive,0.9558
positive,"Order intake grew by 40 % year-on-year and 30 % year-on-year , respectively , to EUR 576 million and EUR 1.7 billion for the respective January-September and July-September 2010 periods .",positive,0.957
positive,Orders received grew by 55 % year-on-year to EUR732m .,positive,0.9582
positive,Orion Pharma 's operating profit increased by 42.5 % from 2004 .,positive,0.9583
positive,Passenger volumes rose by 8.4 % in the accounting period .,positive,0.955
positive,Passenger-related revenue rose by 5.1 % to EUR 460.8 mn from EUR 438.5 mn in 2009 .,positive,0.9542
positive,"Press release 9 October 2009 Ruukki has signed a contract to deliver and install the steel structures for a bridge over the Kyronsalmi strait in Savonlinna , Finland .",positive,0.941
positive,Pretax profit rose to EUR 0.6 mn from EUR 0.4 mn in the corresponding period in 2005 .,positive,0.952
positive,"Pretax profit rose to EUR 1,019 mn from EUR 1,007 in the corresponding period in 2005 .",positive,0.9532
positive,Pretax profit rose to EUR 17.8 mn from EUR 14.9 mn in 2005 .,positive,0.9524
positive,"Pre-tax profit totaled EUR 397.4 mn , up from EUR 164.7 mn .",positive,0.9546
positive,"Previously , the company had guided for EBIT and sales growth of 20 pct and 10 pct respectively for this year .",positive,0.9177
positive,Previously the company has estimated its operating profit to reach the level of 2005 only .,positive,0.9049
positive,"Profit for the period totaled EUR 39.4 mn , up from EUR 33.9 mn in the corresponding period in 2006 .",positive,0.9547
positive,"Profit for the period was EUR 5.9 mn , up from EUR 1.3 mn .",positive,0.9558
positive,"Profit for the period was EUR 9.8 mn , up from EUR 6.0 mn in 2004 .",positive,0.9554
positive,Revenue grew 12 percent to (  x20ac ) 3.6 billion ( US$ 4.5 billion ) .,positive,0.9569
positive,"Revenue in July to September grew 14 percent to ( EURO ) 467 million from a year earlier , the company said Thursday .",positive,0.9556
positive,Revenues at the same time grew 14 percent to 43 million euros .,positive,0.9478
positive,"Ruukki has signed a contract to deliver and install the steel structures for a bridge over the Kyronsalmi strait in Savonlinna , Finland .",positive,0.938
positive,"Sales in Latin America increased by 42 % to EUR 432mn , and a total of 8.7 mn mobile devices were sold in the area , representing an increase of 32 % from the corresponding period in 2009 .",positive,0.9539
positive,Sales of clothing developed best .,positive,0.9138
positive,Sanoma Magazines Finland 's net sales grew to EUR 140.1 mn from EUR 131.8 mn .,positive,0.9511
positive,"Satama 's net profit for the third quarter of 2007 rose to 275,000 euro ( $ 395,000 ) from 270,000 euro ( $ 388,000 ) for the same period of 2006 .",positive,0.9528
positive,"Section : Regional News - The demand in Finnair 's Asian traffic , measured in passenger kilometers , was up 34.9 % in August compare to last year .",positive,0.9576
positive,"Svyturys-Utenos Alus , which is controlled by the Nordic group Baltic Beverages Holding ( BBH ) , posted a 6.1 percent growth in beer sales for January-September to 101.99 million liters .",positive,0.9519
positive,That would be an increase from estimated sales of 117 million last year .,positive,0.9508
positive,The agreement expands Tekla Structures ' scope of use to bridge design .,positive,0.8789
positive,The aim is to increase sales by at least one fifth in 2006 .,positive,0.931
positive,"The chain posted sales of 298 million euros for full 2005 , a rise of 19.5 percent , year-on-year .",positive,0.9525
positive,The company expects its net sales in 2008 to increase 5-10 % from 2007 .,positive,0.9543
positive,The company expects its net sales in the first half of 2008 to reach the previous year 's level .,positive,0.9564
positive,"The company is in the process of building a new fleet and has placed orders for 10 P-Max tankers of 65,200 dwt .",positive,0.7972
positive,"The company 's operating income ( EBIT ) totalled EUR 0.0 mn , up from EUR -0.3 mn year-on-year .",positive,0.9544
positive,The EPS outlook was increased by 5.6 pct for 2007 and 7.0 pct for 2008 .,positive,0.9502
positive,"The fair value of the investment properties totaled EUR 2,534.9 mn , up from EUR 2,455.1 mn in 2006 .",positive,0.9532
positive,"The Finnish government announced Wednesday that it sold a 32 percent stake in chemicals and fertilizer group Kemira Oyj for (  x20ac ) 655.6 million ( $ 890US million ) , sending the company 's share price up 6 percent .",positive,0.9441
neutral,The firm generated sales of 187 mln eur in 2005 .,neutral,0.8744
positive,"The German company has also signed a code share agreement with another Oneworld member -- American Airlines Inc , part of US-based AMR Corp ( NYSE : AMR ) .",positive,0.9363
positive,"The Helsinki-based company , which also owns the Salomon , Atomic and Suunto brands , said net profit rose 15 percent in the three months through Dec. 31 to (  x20ac ) 47 million ( $ 61US million ) , from (  x20ac ) 40.8 million a year earlier .",positive,0.9573
positive,The increase in capital stock has been registered in the Finnish Trade Register on 20 November 2006 .,neutral,0.9291
positive,The operating profit for Grain Trading increased to EUR 2.0 mn from EUR 1.4 mn in 2005 .,positive,0.9531
positive,The stock rose for a second day on Wednesday bringing its two-day rise to GBX12 .0 or 2.0 % .,positive,0.9468
positive,The stock rose for a third day on Tuesday bringing its three-day rise to GBX10 .50 or 1.8 % .,positive,0.9471
positive,The transaction is in line with Aspo 's strategy to expand in the Baltic Sea region and in the eastern markets .,positive,0.8209
positive,The transactions would increase earnings per share in the first quarter by some EUR0 .28 .,positive,0.9539
positive,"There has been some recovery of the base metals prices and increased demand for metals in China , however .",positive,0.9576
positive,"This new representation extends Comptel 's global presence to a total of 18 countries , serving over 250 customers in over 80 countries worldwide .",positive,0.8931
positive,"TietoEnator itself uses Nokia 's Intellisync Mobile Suite 's wireless email , calendar , and device management capabilities , and the company will now extend these services to its customers .",positive,0.7511
positive,Total operating revenue grew by 27.6 % year-on-year to EUR61m .,positive,0.9575
positive,Vacon 's cash flow from operations grew to EUR 37.1 mn from EUR 21.9 mn a year ago .,positive,0.9496
neutral,Vacon will supply drives to Ruselprom in the power range from 200 kW up to 2 MW .,neutral,0.8595
positive,"We also strengthen our existing partnership with Cybercom '' , says Teleste CTO Esko Myllyla .",positive,0.9489
positive,"Via the Satlan acquisition , Teleste plans to further expand its market presence as a video services partner for cable operators , broadcasters and IPTV service providers .",positive,0.9234
positive,"With the acquisition , the company will expand its offering to North , Central and South America , it said .",positive,0.9293
positive,"With the extension of the new contract for a further eight engines , the plant will now produce over 100 MW , it said .",positive,0.9141
positive,YIT says the acquisition is a part of its strategy for expansion in Central and Eastern European markets .,neutral,0.4993
positive,"`` BasWare 's product sales grew strongly in the financial period , by 24 percent .",positive,0.9576
positive,"`` The second quarter of 2010 was the firstquarter with growth in net sales since the third quarter of2008 , '' said Magnus Rosen , Ramirent CEO .",positive,0.9505
positive,"`` The transaction strengthens our position ... in design and branded goods , '' said Fiskars president and CEO Heikki Allonen , pointing out that the two groups have relatively few overlapping operations .",positive,0.9491
positive,1 February 2011 - Finnish textile and clothing company Marimekko Oyj HEL : MMO1V said today its preliminary operating profit grew to EUR8 .2 m in 2010 from EUR6 .3 m in 2009 .,positive,0.9425
neutral,Finnish Componenta has published its new long-term strategy for the period 2011-2015 with the aim of growing together with its customers .,positive,0.7345
positive,"Finnish Larox has signed a contract with the Talvivaara Project for the delivery of filters to the Talvivaara nickel mine in Sotkamo , in Finland .",positive,0.9395
positive,Affecto expects its net sales for the whole 2010 to increase from the 2009 level when they reached EUR 103 million .,positive,0.9528
positive,Cash flow from operations rose to EUR 52.7 mn from EUR 15.6 mn in 2007 .,positive,0.9517
positive,Commission income rose by 25.7 % to EUR 16.1 mn from EUR 12.8 mn in 2004 .,positive,0.9529
positive,Componenta 's objective with this agreement is to increase business on its existing production lines .,positive,0.9287
positive,"Earnings per share for January-June 2010 were EUR0 .30 , an increase of 20 % year-on-year EUR0 .25 .",positive,0.9564
positive,Earnings per share EPS rose to EUR 0.11 from EUR 0.03 .,positive,0.9542
positive,"Elisa said mobile subscriptions grew 7 percent during 2007 , mainly because of customers adopting so-called third generation mobile technology .",positive,0.9097
positive,"EPS for the quarter came in at 0.36 eur , up from 0.33 eur a year ago and ahead of forecast of 0.33 eur .",positive,0.9525
positive,EPS grew to 0.04 eur from 0.02 eur .,positive,0.9525
positive,Exports grew 16.5 percent to 19.1 million liters .,positive,0.9526
positive,"Finnish investment group Panostaja Oyj said its net profit went up to 8.6 mln euro $ 11.4 mln in fiscal 2005-06 , ended October 31 , 2006 , from 2.8 mln euro $ 3.7 mln in the same period of fiscal 2004-05 .",positive,0.9513
positive,Finnish metal components supplier Componenta Oyj said its net profit went up to 3.5 mln euro $ 4.5 mln in 2006 from 2.2 mln euro $ 2.8 mln in 2005 .,positive,0.9487
positive,"Finnish silicon wafer technology company Okmetic Oyj OMX Helsinki : OKM1V reported on Thursday 30 October an operating profit of EUR7 .4 m for January-September 2008 , up from EUR6 .1 m in the corresponding period in 2007 .",positive,0.9541
positive,"Fiskars Brands report net sales of EUR 145.8 mn , up from EUR 138.4 mn .",positive,0.9539
positive,"GeoSentric Oyj s GeoSolutions Business Unit GyPSii , the mobile digital lifestyle application and geo-mobility social networking platform , has signed an agreement with Nanjing MyNet to make the GyPSii mobile social networking platform available to customers of China Mobile .",positive,0.9358
positive,HELSINKI AFX - Outokumpu Technology said it has signed a 3.5 mln eur agreement with Mongolia 's Erdenet Mining Corporation for the engineering of the first HydroCopper plant to be built at the Erdenet mine site .,positive,0.9316
positive,"However , the proportion of the paid standing orders grew in 2009 .",positive,0.9541
positive,"In addition to the demand in Finland , the export of lining stone products also increased .",positive,0.9489
positive,"In January-September 2007 , the group 's net sales from continuing operations rose to EUR 213.1 mn from EUR 172.6 mn in the corresponding period in 2006 .",positive,0.9474
positive,"In July-September 2008 , YIT 's net sales increased to EUR 970.8 mn , compared to EUR 906.8 mn in the corresponding period in 2007 .",positive,0.9492
positive,"In the reporting period , net sales rose by 8 % year-on-year to EUR64 .3 m , due to the business acquisitions realized during the first half of 2008-09 , the effect of which was EUR10 .9 m in the review period .",positive,0.9574
positive,"In the reporting period , the company 's operating profit grew by 43.2 % to EUR 6 million .",positive,0.9554
positive,Last year 's net sales rose to EUR 68.3 million from EUR 62.2 million .,positive,0.9495
positive,"Last year the company raised its turnover to approximately 7 million litas EUR 2 mln , from 6.1 million litas in 2004 .",positive,0.9483
positive,"ADP News - Nov 18 , 2008 - Finnish AC drives manufacturer Vacon Oyj OMX : VAC1V said today that it had set up new representative offices in Romania and Ukraine to serve the growing markets in eastern and southeastern Europe .",positive,0.8124
positive,Marimekko Group 's full-year net sales are estimated to increase by about 10 % .,positive,0.9521
positive,Net sales surged by 30 % to EUR 36 million .,positive,0.9566
positive,"Net sales went up by 1 % year-on-year to EUR 29 million , affected by the business acquisitions , realized during the previous financial period , the effect of which was EUR 5.1 million on the review period .",positive,0.9592
positive,"Nevertheless , its market share rose to 49.14 percent from 48.51 percent a year earlier .",positive,0.9522
positive,Nokia - the world 's largest mobile phone manufacturer - and China Postel - China 's largest mobile phone distributor - have a long-standing partnership that continues to grow stronger over time .,positive,0.9448
positive,"October-December sales were 302 mln eur , or a 25.3 pct increase year on year .",positive,0.9457
positive,"Olvi , which controls a 94 percent stake in Ragutis through A. Le Coq , said in its annual report published earlier this year that the Lithuanian brewery 's sales reached 15.04 million euros last year , a rise of 20.4 percent from 12.49 million euros in 2004 .",positive,0.9521
positive,Olvi expects sales and market share to increase in the first quarter of 2010 .,positive,0.9529
neutral,"Olvi 's target is to strengthen its market share in soft drinks , mineral waters , ciders , long drinks , and energy drinks .",positive,0.9336
positive,Operating profit increased to EUR 14.0 mn from EUR 4.9 mn in the corresponding period in 2005 .,positive,0.9505
positive,Operating profit of the Asian plants grew markedly .,positive,0.9612
positive,"Operating profit totaled EUR 825mn , up from EUR 763mn in 2004 .",positive,0.9538
positive,"Operating profit totalled EUR 83.0 mn , up from EUR 23.5 mn year-on-year .",positive,0.9554
positive,Production capacity will increase from 36 000 to 85 000 tonnes per year and the raw material will continue to be recycled paper and board .,positive,0.9103
positive,Profit for the period increased from EUR 2.9 mn to EUR 10.5 mn .,positive,0.9553
positive,"Profit per share was EUR 1.03 , up from EUR 0.87 .",positive,0.9537
positive,Return on capital employed rose by 4.8 percentage points to 19.6 % .,positive,0.9539
positive,"Revenue from July to September grew 21 percent to EURO 2.3 billion , the Finnish company said Thursday .",positive,0.9518
positive,Revenue grew 1 percent to euro742 .2 million US$ 964 million from euro735 million .,positive,0.9529
positive,Ruukki 's order book at the end of 2010 was 30 % up year-on-year and 10 % up quarter-on-quarter .,positive,0.9548
positive,Ruukki signed the contract with Norwegian company Veidekke Entreprenor AS .,positive,0.8663
positive,Sales in Finland rose by 3.9 % and international growth was 0.7 % .,positive,0.9584
positive,Sales of security and system packaging increased slightly .,positive,0.9569
positive,Stora Enso 's third-quarter pre-tax profit doubled to EUR 197mn .,positive,0.9564
positive,"Strongest growth was seen in the new markets in Russia , the Czech Republic , and Slovakia .",positive,0.9546
positive,"The airline has ordered nine Airbus A350-900 aircraft with deliveries from 2011 , and in doing so becomes the lead airline for the latest variant of Rolls-Royce Trent series engines , called the 1700 .",positive,0.8539
positive,"The company is now intensifying its smelter operations and increasing its annual production capacity to 230,000 tonnes of copper .",positive,0.9334
positive,The company 's market share is continued to increase further .,positive,0.9522
positive,"The company 's scheduled traffic , measured in revenue passenger kilometres RPK , grew by just over 2 % and nearly 3 % more passengers were carried on scheduled flights than in February 2009 .",positive,0.9546
positive,"The company said that its investments in the new market areas resulted in sales increase in Sweden , Poland , Russia and Lithuania .",positive,0.9525
positive,"The disposal of Autotank will also strengthen Aspo 's capital structure , '' commented Gustav Nyberg , CEO of Aspo .",positive,0.9467
positive,"The earnings per share for the quarter came in at 0.25 eur , up from the 0.20 eur of the same quarter a year earlier .",positive,0.9547
positive,The economic occupancy rate of Sponda 's property portfolio rose to 91.2 % from 88.8 % in 2006 .,positive,0.9557
positive,"The Finnish supplier of BSS-OSS and VAS for telecom operators , Tecnotree , has received expansion orders worth a total US$ 7.3 mn for its convergent charging and next generation messaging solutions in Latin America , the company announced without specifying which operators had placed the orders .",positive,0.9435
positive,The group 's 12-month operating profit grew 31 percent to 337.8 million euros .,positive,0.9577
positive,"The growth in the activeness of Talentum 's customers , which started at the end of 2009 , continued during the reporting period , the company stated .",positive,0.9417
positive,The growth of net sales in the first half of 2008 has been 28 % compared with the first half of 2007 .,positive,0.9285
positive,The pretax profit of the group 's life insurance business increased to EUR 36 million from EUR 27 million .,positive,0.9508
positive,The pretax profit of the group 's life insurance business increased to EUR36m from EUR27m .,positive,0.9519
positive,"The total delivery volume of paper businesses in 2010 was 1,155,000 tonnes , up from 1,132,000 tonnes in 2009 .",positive,0.9495
positive,The value of the firm 's forestry holdings increased by SEK 3.6 bn .,positive,0.9493
positive,"This new deal has strengthened the partnership from Telemig Celular and Tecnomen , which it has started since the beginning of Telemig 's prepaid operations .",positive,0.9503
positive,Turnover rose to EUR21m from EUR17m .,positive,0.951
positive,"Xerox and Stora Enso have teamed up to tailor the iGen3 to the short-run , on-demand packaging market .",positive,0.8297
positive,YIT Construction and the town of Riihim+Æki have signed a lease contract whereby the town will occupy the Travel Centre office facilities .,positive,0.8892
positive,"The upgrade is intended to raise the network capacity from 450 MHz to 630 MHz in several cities , enabling bi-directional services for digital television as well as broadband data .",positive,0.9295
neutral,The Finnish company Stockmann has signed the contract with the company Technopolis .,positive,0.8707
neutral,"According to its notice , Skandinaviska Enskilda Banken AB publ Helsinki Branch has on 10 August 2009 divested in total 11,958,000 Alma Media shares to Ilkka-Yhtyma Oyj and Kaleva Kustannus Oy , as the conditions of the agreement made by the companies on 1 July 2009 fulfilled .",neutral,0.7234
neutral,"As previously announced , GeoSentric Oyj entered into financing agreements with its lead investor on June 30 , 2010 enabling the Company to receive financing up to the aggregate amount of 6M .",positive,0.8683
neutral,"At the same time , the market for automated liquid handling devices is already larger than that for pipettes , according to Biohit .",neutral,0.5976
neutral,Efore 's CEO Reijo Maihaniemi said that the company has developed and already delivered power supply units to respective systems based on this technology to Chinese sector company ZTE Corp SHE : 000063 .,neutral,0.6056
neutral,Finnish Talvivaara Mining Co HEL : TLV1V said Thursday it had picked BofA Merrill Lynch and JPMorgan NYSE : JPM as joint bookrunners of its planned issue of convertible notes worth up to EUR250m USD332m .,positive,0.7192
positive,"Lead production , in turn , should increase to 60,000 tonnes through 2009 in what would be a twofold increase from current capacity levels , Zahariev said .",positive,0.9489
neutral,"Lemminkainen Oyj said that it has signed credit agreements with Nordea Bank STO : NDA , Pohjola Bank HEL : POH1S , Sampo Bank HEL : SAMAS and Svenska Handelsbanken STO : SHB A .",positive,0.9419
neutral,Pohjola could increase its stake to 45 % in 2013 .,positive,0.8767
neutral,Scandic Feed will also diversify Tosno 's product portfolio further .,positive,0.888
positive,"Separately , YIT Corporation and Austrian firm E AG last week signed an agreement on the sale of E 's building system service business in Germany , Austria , Poland , the Czech Republic , Hungary and Romania for EUR 55 mln .",positive,0.9057
neutral,The agreement with JM is one in a series of contracts that TeliaSonera has signed in recent months with residential construction and real estate management companies in Sweden .,positive,0.8665
positive,The company intends to raise production capacity in 2006 .,positive,0.8794
neutral,"The estimated value of the contract is EUR12 .4 m. Vaisala , headquartered in Helsinki in Finland , develops and manufactures electronic measurement systems for meteorology , environmental sciences , traffic and industry .",neutral,0.9413
neutral,"The mall is part of the Baltic Pearl development project in the city of St Petersburg , where Baltic Pearl CJSC , a subsidiary of Shanghai Foreign Joint Investment Company , is developing homes for 35,000 people .",neutral,0.8445
neutral,"The new facility , to be known as Technopolis Pulkovo , will introduce to the Russian market an entirely new concept of creating , operating and growing a commercially-funded science and technology park to support the growth of knowledge-intensive companies .",positive,0.5071
positive,"Thereby , the company will expand its offering to North , Central and South America .",positive,0.9364
positive,"To our members and partners , the use of IT will mostly be apparent in the increased efficiency of the results service , '' observes Perttu Puro from Tradeka .",positive,0.8914
neutral,Vacon controls a further 5 % of the company via investment fund Power Fund I. EUR 1.0 = USD 1.397,neutral,0.9308
neutral,"` This order is included in Wartsila 's order book in the second quarter , ' the company added .",neutral,0.9353
neutral,`` Management decided at the end of 2005 to increase cathode copper capacity .,positive,0.9134
neutral,4 ) Complete name of the shareholder : Otto Henrik Bernhard Nyberg 5 ) Further information : The amount of shares now transferred corresponds to 5.68 % of the total number of shares in Aspo Plc. .,neutral,0.9525
neutral,"A data processing unit collects the data , calculates RVR values and provides the data to users via various interfaces .",neutral,0.9491
negative,A tinyurl link takes users to a scamming site promising that users can earn thousands of dollars by becoming a Google ( NASDAQ : GOOG ) Cash advertiser .,neutral,0.8934
neutral,"ALEXANDRIA , Va. , March 28 -- Pertti Salmi and Hanna Vuolteenaho , both of Oulu , Finland , and Sami Viitasaari of Ii , Finland , have developed an ornamental design for a handset , the U.S. Patent & Trademark Office announced .",neutral,0.8953
neutral,"ALEXANDRIA , Va. , Oct. 3 -- Markka A. Oksanen and Harald Kaaja , both of Helsinki , Finland , Juha Salokannel of Kangasala , Finland , and Arto Palin of Viiala , Finland , have developed a system for providing communications security .",neutral,0.9112
neutral,"As earlier reported , Nokian Tyres is building a plant in the town of Vsevolozhsk in Russia 's Leningrad Region with an annual production capacity of 4 million tires .",neutral,0.8877
neutral,"Biohit , Inc. , has expanded its mLINE Family of Pipettors with the addition of the NEW 1-10 ml volume range .",positive,0.8871
neutral,"Capman , the Finnish alternative asset manager , has made an acquisition for its Helsinki-focused vehicle , Real Estate Fund I. The fund has bought a seven-story office built in 1973 that underwent refurbishment at the end of the 1990s .",neutral,0.8611
negative,"Compared with the FTSE 100 index , which rose 36.7 points ( or 0.6 % ) on the day , this was a relative price change of -0.2 % .",negative,0.7421
neutral,"Compared with the FTSE 100 index , which rose 51.5 points ( or 0.9 % ) on the day , this was a relative price change of -0.6 % .",negative,0.7269
negative,"Compared with the FTSE 100 index , which rose 94.9 points ( or 1.6 % ) on the day , this was a relative price change of -0.4 % .",negative,0.7468
neutral,"Deliveries are to start later in 2010 , and the volume will increase in the years 2011-2012 .",positive,0.6792
positive,"Finland 's Nokian Tyres and Kazakhstan 's Ordabasy Corporation signed an agreement to build a plant in Astana to produce car tires , Ordabasy chairman Dinmukhamet Idrisov said at a press conference .",positive,0.9248
positive,Finnish business software group AffectoGenimap Oyj said it had signed an agreement to acquire all the shares in Swedish sector company Intellibis Ab for 12 mln euro ( $ 15.8 mln ) on a debt-free basis .,positive,0.7679
neutral,"Finnish heat-retaining fireplaces maker Tulikivi Oyj said on August 29 , 2007 that its local tiled stoves and utility ceramics subsidiary Kermansavi Oy will merge into Tulikivi by means of absorption in order to streamline the latest 's corporate structure .",neutral,0.9208
positive,"Finnish silicon wafers manufacturer Okmetic Oyj said on June 29 , 2007 it signed an agreement with Nordea Bank Finland Plc , the local subsidiary of Swedish commercial bank Nordea Bank AB , which will refinance Okmetic 's syndicated bank facility which amounts to some 20 mln euro ( $ 26.9 mln ) .",positive,0.936
positive,"Furthermore , Bunge will also sign a licensing agreement for the Sunnuntai and Carlshamn Mejeri brands .",positive,0.8823
neutral,"German Commerzbank AG 's Hamburg Branch and US JP Morgan ( NYSE : JPM ) participated as arrangers , and Dutch ING ( AMS : INGA ) as co-arranger .",neutral,0.9427
neutral,"In April 2005 , Neste separated from its parent company , Finnish energy company Fortum , and became listed on the Helsinki Stock Exchange .",neutral,0.9432
neutral,"In Russia , Raisio 's Food Division 's home market stretches all the way to Vladivostok .",neutral,0.8887
positive,"In September 2010 , the Finnish group agreed to buy Danish company Rose Poultry A-S for up to EUR23 .9 m in a combination of cash and stock .",positive,0.7033
neutral,Increase in the number of shares is based on the option rights which were granted to the management of the company under the stock option plan 2006 .,neutral,0.9097
positive,"is planning to expand its product portfolio in the harbor segment , chief executive Pekka Lundmark told Financial Times Deutschland .",positive,0.9306
neutral,It has some 30 offices worldwide and more than 90 pct of its net sales are generated outside Finland .,neutral,0.9333
neutral,It has80 branches in Finland with annual revenue in Finland of ?,neutral,0.9205
positive,"KAUKO-TELKO LTD PRESS RELEASE 19.06.2007 AT 14.00 1 ( 1 ) Telko Group ( Kauko-Telko ) is expanding its strategic partnership with BP Industrial Lubricants & Services ( BP ILS ) by acquiring total ownership of BP 's Swedish retail company , Molub-Alloy AB .",positive,0.8831
neutral,"MILAN ( AFX ) - The Italian shipping group Grimaldi has increased its stake in the Finnish company Finnlines to 35.4 pct from the 30.5 pct held in June , according to news agency ANSA .",positive,0.9496
neutral,Nokia Messaging 1.1 enables customers to receive e-mails from up to 10 e-mail accounts on their mobile phone supporting all POP or IMAP e-mail services .,neutral,0.889
positive,"Production capacity will rise gradually from 170,000 tonnes to 215,000 tonnes .",positive,0.9332
positive,Ramirent s Danish subsidiary Ramirent A-S has today signed an agreement to acquire the business assets of the machinery rental company Jydsk Materiel Udlejning located in West Jutland .,positive,0.8689
neutral,SHARE REPURCHASE 11.01.2008 In the Helsinki Stock Exchange On behalf of Sampo plc Danske Bank A-S Helsinki Branch,neutral,0.9541
neutral,Solidium picked up Tikkurila shares as a dividend at a book value of EUR15 .80 per share .,neutral,0.8796
neutral,"Takoma will carry out the transaction by acquiring the entire share capital of Moventas Parkano Oy , which runs the factory in Parkano , southern Finland .",neutral,0.9322
positive,"The agreement will provide The Switch with double the converter capacity , whilst opening up further manufacturing locations in China .",positive,0.9308
neutral,"The building owner and developer , Sun Hung Kai Properties Group , is one of the largest property companies in Hong Kong , developing all types of premium residential and commercial projects for sale and investment .",neutral,0.8564
neutral,The companies ' aim is to finalize the negotiations and sign the contracts at the start of October 2008 .,neutral,0.5915
neutral,The companies signed the letter of intent for the sale on 17 September 2010 and envisaged to seal the actual agreement on 1 January 2011 .,neutral,0.6819
positive,"The company also said on November 16 , 2006 its Real Estate Fund I Ky signed an agreement with Finnish window maker Fenestra Oy to build a window plant in Forssa , southern Finland .",positive,0.9025
positive,The company has committed to further expanding the Apollo portfolio .,positive,0.9316
neutral,"The contract , which was signed yesterday , will run for five years and includes a two-year extension option .",neutral,0.5435
neutral,"The contract covers installation , training and start-up services .",neutral,0.9478
neutral,"The contract value amounts to about EUR11m , the company added .",neutral,0.9223
positive,The contracts have been signed to acquire uranium produced at the Sotkamo nickel-zinc mine in eastern Finland owned by Talvivaara .,positive,0.9023
neutral,"The expanded agreement covers the sale , marketing and distribution of Benefon 's navigation and locator devices in China .",neutral,0.7699
positive,"The OMX Nordic 40 ( OMXN40 ) index , comprising the 40 most traded Nordic stocks on the Nasdaq OMX exchange , closed up 0.43 % at 1,138.84 points on Wednesday .",positive,0.9437
positive,"The OMX Nordic 40 ( OMXN40 ) index , comprising the 40 most traded Nordic stocks on the Nasdaq OMX exchange , closed up 1.29 % at 1,084.47 points on Friday .",positive,0.9459
neutral,TietoEnator signed an agreement to acquire Indian research and development ( R&D ) services provider and turnkey software solutions developer Fortuna Technologies Pvt. Ltd. for 21 mln euro ( $ 30.3 mln ) in September 2007 .,positive,0.7534
neutral,To be number one means creating added value for stakeholders in everything we do .,neutral,0.776
positive,"Under the terms of the off-take agreement with Talvivaara , Cameco will provide an up-front investment , to a maximum of $ 60 million , to cover the construction cost of the uranium extraction circuit .",positive,0.806
positive,"Vaisala Oyj Press Release September 30 , 2010 Vaisala has signed a contract to sell its oxygen measurement technology and business to SICK Maihak GmbH .",positive,0.9069
positive,"- BEIJING XFN-ASIA - Hong Kong-listed Standard Chartered Bank said it has signed a China mobile phone dealer financing agreement with Nokia , making it the first foreign bank to offer financing to the country 's small and medium enterprise -LR",positive,0.9463
neutral,- Provides summary of the medical equipment pipeline products that the company is developing .,neutral,0.9463
neutral,"`` Of course , we are in talks with all those coming up with new projects that involve material handling , '' Konecranes President and CEO Pekka Lundmark said , when asked whether it was talking to Reliance Industries for supplying equipment to its upcoming refinery in Jamnagar .",positive,0.645
positive,"`` Lidskoe Pivo 's investment program foresees the integrated modernization of production , updating transport and logistics infrastructure and developing new marketing instruments , '' Mikshis said .",positive,0.8335
positive,`` Residentialconstruction in particular has picked up in several markets .,positive,0.7355
neutral,`` Ruukki is now included on DJSI World for the second year running and the European DJSI STOXX for the third year running .,neutral,0.9366
neutral,`` The sale of the oxygen measurement business strengthens our goal to focus on our chosen market segments .,positive,0.9369
neutral,"A corresponding increase of 85,432.50 euros in Ahlstrom 's share capital has been entered in the Trade Register today .",neutral,0.6066
neutral,"A In August 2007 , Latvijas Finieris ordered all production lines for a new green veneer mill to be built in Ukmerge , central Lithuania .",neutral,0.6631
neutral,Finnish house manufacturers are targeting the strongly growing one-family house market in Russia .,positive,0.8771
positive,"After the transaction , Alma Media raised its stake in Talentum to 30.65 % of the shares and some 31.12 % of voting rights .",positive,0.6827
neutral,Aldata said that there are still a number of operational aspects to be defined between it and Microsoft and further details of the product and market initiatives resulting from this agreement will be available at a later date .,neutral,0.8966
neutral,"ALEXANDRIA , Va. , July 11 -- Hannu Kahonen of Juuka , Finland , has developed an ornamental design for a handle for fire pit door , the U.S. Patent & Trademark Office announced .",neutral,0.8707
neutral,"ALEXANDRIA , Va. , May 16 -- Kenneth Bower of Vista , Calif. , has developed an ornamental design for a handset , the U.S. Patent & Trademark Office announced .",neutral,0.8746
positive,"As the largest elevator market in the world , Chinese output of elevators continued to rise to 262,000 units in 2009 , up about 5 % yr-on-yr .",positive,0.9524
neutral,Aspocomp intends to set up a plant to manufacture printed circuit boards with an investment of Rs310 crore .,neutral,0.6838
neutral,"Baltic Pearl CJSC , a subsidiary of Shanghai Foreign Joint Investment Company , is developing a project in St Petersburg , comprising about a million square meters of residential space , two hospitals and several schools and nurseries .",neutral,0.8153
neutral,"Biohit Oyj develops , manufactures and markets liquid handling products and diagnostic test systems for use in research , healthcare and industrial laboratories .",neutral,0.9221
neutral,Calls to the switchboard and directory services have decreased significantly since our employees now have up-to-date contact information from all their colleagues and customers on their phone and can place the call directly .,negative,0.7376
neutral,"Cargotec 's share capital after the increase totals 64,046,460 euros .",neutral,0.8359
neutral,"Cargotec 's share capital after the increase totals EUR 64,299,180 .",neutral,0.8117
positive,"Compared with the FTSE 100 index , which rose 28.3 points or 0.5 % on the day , this was a relative price change of 2.3 % .",negative,0.5494
positive,Componenta increased its stake in Turkish steel company Doktas Dokumculuk Ticaret ve Sanayi A.S. to 92.6 pct stake in March 2007 .,positive,0.8947
positive,"Earnings per share EPS are seen at EUR 0.56 , up from EUR 0.38 .",positive,0.954
positive,Estonia 's beer market overall grew three percent last year to 130 million liters .,positive,0.9364
neutral,Finnish food company Raisio Oyj HEL : RAIVV said on Friday it has wrapped up the divestment of its margarine operations to US sector player Bunge Ltd NYSE : BG for EUR80m USD119 .2 m .,neutral,0.8267
positive,Finnish lifting equipment maker Konecranes HEL : KCR1V said on 29 July 2009 it has raised its stake in Austrian manipulator maker ACS Konecranes to 80 % and bought German sector player Knight Europe .,positive,0.9195
neutral,Finnish paper maker UPM-Kymmene Corp. on Monday announced the sale of its wrapping unit Walki Wisa to the CapMan investment group in a move to further concentrate on its core business .,neutral,0.8665
neutral,Following the increase the company+EUR TM s capital totals 5.5 mln Romanian lei $ 1.98 mln-1 .56 mln euro .,positive,0.5009
positive,"HELSINKI AFX - KCI Konecranes said it has raised its stake in MMH Holdings Inc , the owner of US-based Morris Materials Handling , to 90.9 pct from 74.5 pct .",positive,0.947
neutral,"In 2008 , it generated net sales of EUR 9.3 million USD 13.1 m .",neutral,0.9047
neutral,"In August , Latvijas Finieris ordered all production lines for a new green veneer mill to be built in Ukmerge , Lithuania .",neutral,0.6992
positive,It delivers a different user experience and enables us to widen the market we can address . '',positive,0.6415
neutral,Jacobs has been supporting Storengy 's investment of developing storage sites since 2006 as owner 's engineer .,positive,0.7719
positive,"ADPnews - Jun 30 , 2009 - Finnish stainless steel maker Outokumpu Oyj HEL : OUT1V said yesterday it signed a three-year EUR 900 million USD 1.3 bn revolving credit facility .",positive,0.9412
positive,Most of the increase in net sales was due to the acquisition of Swedish Silva that produces garden tools and boats .,positive,0.9067
neutral,"Mr Ashley , deputy executive chairman of Sports Direct , sold a 43pc stake in the company for more than pounds 900m at the time of the float .",neutral,0.9475
